instrument,date,noncomm_net_pct_oi
AUDUSD,2022-11-22 00:00:00,-0.17568093261142678
AUDUSD,2022-11-29 00:00:00,-0.20303304094668023
AUDUSD,2022-12-06 00:00:00,-0.22033951686561054
AUDUSD,2022-12-13 00:00:00,-0.16672761785347334
AUDUSD,2022-12-20 00:00:00,-0.04089558705205174
AUDUSD,2022-12-27 00:00:00,-0.07789001122334456
AUDUSD,2023-01-03 00:00:00,-0.06368080625752105
AUDUSD,2023-01-10 00:00:00,-0.074903989589615
AUDUSD,2023-01-17 00:00:00,-0.09731462488203224
AUDUSD,2023-01-24 00:00:00,-0.10946791258012202
AUDUSD,2023-01-31 00:00:00,-0.14877039558633642
AUDUSD,2023-02-07 00:00:00,-0.09875328613131623
AUDUSD,2023-02-14 00:00:00,-0.08236731649647315
AUDUSD,2023-02-21 00:00:00,0.009987363919129083
AUDUSD,2023-02-28 00:00:00,0.06600832011114532
AUDUSD,2023-03-07 00:00:00,0.08503069814545225
AUDUSD,2023-03-14 00:00:00,0.04722174092684162
AUDUSD,2023-03-21 00:00:00,0.04142627571853842
AUDUSD,2023-03-28 00:00:00,0.029146114071860248
AUDUSD,2023-04-04 00:00:00,0.03547956255537483
AUDUSD,2023-04-11 00:00:00,-0.012518737338576651
AUDUSD,2023-04-18 00:00:00,-0.025596714003055576
AUDUSD,2023-04-25 00:00:00,0.019283160939152034
AUDUSD,2023-05-02 00:00:00,0.04828697393904949
AUDUSD,2023-05-09 00:00:00,-0.03677234613246985
AUDUSD,2023-05-16 00:00:00,-0.012657166806370494
AUDUSD,2023-05-23 00:00:00,0.028389345945885932
AUDUSD,2023-05-30 00:00:00,0.07067129189170729
AUDUSD,2023-06-06 00:00:00,0.04645650515070584
AUDUSD,2023-06-13 00:00:00,-0.0693901249986306
AUDUSD,2023-06-20 00:00:00,-0.07359004122803506
AUDUSD,2023-06-27 00:00:00,0.0028752704734660945
AUDUSD,2023-07-03 00:00:00,0.06435373087730253
AUDUSD,2023-07-11 00:00:00,0.025679530476409064
AUDUSD,2023-07-18 00:00:00,-0.055204856250672986
AUDUSD,2023-07-25 00:00:00,-0.050251668112250125
AUDUSD,2023-08-01 00:00:00,0.005288348274622128
AUDUSD,2023-08-08 00:00:00,0.10576344603537481
AUDUSD,2023-08-15 00:00:00,0.09447906171438633
AUDUSD,2023-08-22 00:00:00,0.08371263025709942
AUDUSD,2023-08-29 00:00:00,0.054020555821539314
AUDUSD,2023-09-05 00:00:00,0.0065381155136172734
AUDUSD,2023-09-12 00:00:00,0.013047432079588165
AUDUSD,2023-09-19 00:00:00,-0.05087940550289519
AUDUSD,2023-09-26 00:00:00,-0.042816284535732156
AUDUSD,2023-10-03 00:00:00,-0.06680559432482121
AUDUSD,2023-10-10 00:00:00,-0.09872562890187395
AUDUSD,2023-10-17 00:00:00,-0.0770796351839383
AUDUSD,2023-10-24 00:00:00,-0.09543525833992582
AUDUSD,2023-10-31 00:00:00,-0.08616012922495504
AUDUSD,2023-11-07 00:00:00,-0.07112355581414678
AUDUSD,2023-11-14 00:00:00,-0.031716370670839475
AUDUSD,2023-11-21 00:00:00,-0.06029054212148648
AUDUSD,2023-11-28 00:00:00,-0.05470101952266649
AUDUSD,2023-12-05 00:00:00,-0.04775808026834519
AUDUSD,2023-12-12 00:00:00,-0.003326520746480828
AUDUSD,2023-12-19 00:00:00,0.00906782243591914
AUDUSD,2023-12-26 00:00:00,-0.08035486299800308
AUDUSD,2024-01-02 00:00:00,-0.03685279899110208
AUDUSD,2024-01-09 00:00:00,0.04510951239008793
AUDUSD,2024-01-16 00:00:00,0.052012334650824145
AUDUSD,2024-01-23 00:00:00,0.0324631633528602
AUDUSD,2024-01-30 00:00:00,0.029613788353843085
AUDUSD,2024-02-06 00:00:00,0.05412267067862141
AUDUSD,2024-02-13 00:00:00,0.0395167556457879
AUDUSD,2024-02-20 00:00:00,0.051464581631462246
AUDUSD,2024-02-27 00:00:00,0.012795621292538245
AUDUSD,2024-03-05 00:00:00,0.01701566209499735
AUDUSD,2024-03-12 00:00:00,-0.04506732020738019
AUDUSD,2024-03-19 00:00:00,-0.13938466691713328
AUDUSD,2024-03-26 00:00:00,-0.14201167219223498
AUDUSD,2024-04-02 00:00:00,-0.10677474721424315
AUDUSD,2024-04-09 00:00:00,-0.14602896553044445
AUDUSD,2024-04-16 00:00:00,-0.10461052533000736
AUDUSD,2024-04-23 00:00:00,-0.1185566579459875
AUDUSD,2024-04-30 00:00:00,-0.14788509749613712
AUDUSD,2024-05-07 00:00:00,-0.15809128630705394
AUDUSD,2024-05-14 00:00:00,-0.14947125343164946
AUDUSD,2024-05-21 00:00:00,-0.0992274005767793
AUDUSD,2024-05-28 00:00:00,-0.06666219188550068
AUDUSD,2024-06-04 00:00:00,-0.056913051312338585
AUDUSD,2024-06-11 00:00:00,-0.08104475648038496
AUDUSD,2024-06-18 00:00:00,-0.061627407767823925
AUDUSD,2024-06-25 00:00:00,-0.018826869018230417
AUDUSD,2024-07-02 00:00:00,0.0073256184308312985
AUDUSD,2024-07-09 00:00:00,-0.004066359430620797
AUDUSD,2024-07-16 00:00:00,-0.009037731986602378
AUDUSD,2024-07-23 00:00:00,-0.00911790964297395
AUDUSD,2024-07-30 00:00:00,-0.046727746147717776
AUDUSD,2024-08-06 00:00:00,-0.085690999512028
AUDUSD,2024-08-13 00:00:00,-0.12091472028380545
AUDUSD,2024-08-20 00:00:00,-0.14457194705380016
AUDUSD,2024-08-27 00:00:00,-0.09835489382474982
AUDUSD,2024-09-03 00:00:00,-0.08082402195393794
AUDUSD,2024-09-10 00:00:00,-0.03739788620643181
AUDUSD,2024-09-17 00:00:00,-0.10086395888828646
AUDUSD,2024-09-24 00:00:00,-0.007775926366738078
AUDUSD,2024-10-01 00:00:00,0.08312606948147559
AUDUSD,2024-10-08 00:00:00,0.10975372619174939
AUDUSD,2024-10-15 00:00:00,0.06215563223980671
AUDUSD,2024-10-22 00:00:00,0.0849264509227066
AUDUSD,2024-10-29 00:00:00,0.10360534197209434
AUDUSD,2024-11-05 00:00:00,0.06847184019479641
AUDUSD,2024-11-12 00:00:00,-0.0018326739585757506
AUDUSD,2024-11-19 00:00:00,0.016032979613403196
AUDUSD,2024-11-26 00:00:00,0.007939288428473641
AUDUSD,2024-12-03 00:00:00,-0.033587914658312616
AUDUSD,2024-12-10 00:00:00,-0.018353651903976972
AUDUSD,2024-12-17 00:00:00,-0.12810652087037605
AUDUSD,2024-12-24 00:00:00,-0.15526269904212298
AUDUSD,2024-12-31 00:00:00,-0.18171179841637866
AUDUSD,2025-01-07 00:00:00,-0.17085010416455979
AUDUSD,2025-01-14 00:00:00,-0.20330694719300074
AUDUSD,2025-01-21 00:00:00,-0.1927280756633423
AUDUSD,2025-01-28 00:00:00,-0.2306169959012765
AUDUSD,2025-02-04 00:00:00,-0.1881641439163563
AUDUSD,2025-02-11 00:00:00,-0.2164853918846634
AUDUSD,2025-02-18 00:00:00,-0.17580106070031526
AUDUSD,2025-02-25 00:00:00,-0.16428367863806723
AUDUSD,2025-03-04 00:00:00,-0.14027151558297737
AUDUSD,2025-03-11 00:00:00,-0.09194629316142199
AUDUSD,2025-03-18 00:00:00,-0.16571953961871214
AUDUSD,2025-03-25 00:00:00,-0.1734717108952895
AUDUSD,2025-04-01 00:00:00,-0.1812098530361227
AUDUSD,2025-04-08 00:00:00,-0.15138628931076328
AUDUSD,2025-04-15 00:00:00,-0.13602466055374357
AUDUSD,2025-04-22 00:00:00,-0.11868573045839055
AUDUSD,2025-04-29 00:00:00,-0.09509534425661782
AUDUSD,2025-05-06 00:00:00,-0.08659051552248753
AUDUSD,2025-05-13 00:00:00,-0.03530976393660645
AUDUSD,2025-05-20 00:00:00,-0.03758159828622514
AUDUSD,2025-05-27 00:00:00,-0.08899448943622694
AUDUSD,2025-06-03 00:00:00,-0.09454823662972926
AUDUSD,2025-06-10 00:00:00,-0.09947296140400942
AUDUSD,2025-06-17 00:00:00,-0.10374921170942084
AUDUSD,2025-06-24 00:00:00,-0.1476706923036178
AUDUSD,2025-07-01 00:00:00,-0.16048844308765808
AUDUSD,2025-07-08 00:00:00,-0.11376230523502184
AUDUSD,2025-07-15 00:00:00,-0.11700678463920472
AUDUSD,2025-07-22 00:00:00,-0.07549846958375156
AUDUSD,2025-07-29 00:00:00,-0.07130511022044088
AUDUSD,2025-08-05 00:00:00,-0.0638438071995119
AUDUSD,2025-08-12 00:00:00,-0.05661611031326258
AUDUSD,2025-08-19 00:00:00,-0.025922399556753326
AUDUSD,2025-08-26 00:00:00,-0.023445794348533264
AUDUSD,2025-09-02 00:00:00,-0.05594764601616878
AUDUSD,2025-09-09 00:00:00,-0.022845664417661418
AUDUSD,2025-09-16 00:00:00,-0.019904386588280896
AUDUSD,2025-09-23 00:00:00,-0.034478471160182524
AUDUSD,2025-09-30 00:00:00,-0.06933133304757823
AUDUSD,2025-10-07 00:00:00,-0.01776335029537346
AUDUSD,2025-10-14 00:00:00,0.031899624710297524
AUDUSD,2025-10-21 00:00:00,0.0019899009650444564
AUDUSD,2025-10-28 00:00:00,-0.07169215157176134
AUDUSD,2025-11-04 00:00:00,-0.04141570013440191
AUDUSD,2025-11-10 00:00:00,-0.08653958666495791
AUDUSD,2025-11-18 00:00:00,-0.06929257671140453
AUDUSD,2025-11-25 00:00:00,-0.09112612752883048
AUDUSD,2025-12-02 00:00:00,-0.08722244710574902
AUDUSD,2025-12-09 00:00:00,0.06257289440508053
AUDUSD,2025-12-16 00:00:00,0.13436874566025406
AUDUSD,2025-12-23 00:00:00,0.19101780690080722
AUDUSD,2025-12-30 00:00:00,0.15044860681667888
AUDUSD,2026-01-06 00:00:00,0.15206169941886144
AUDUSD,2026-01-13 00:00:00,0.13168973572275294
AUDUSD,2026-01-20 00:00:00,0.11947610521250168
AUDUSD,2026-01-27 00:00:00,0.17744539882168575
AUDUSD,2026-02-03 00:00:00,0.23367290748898678
AUDUSD,2026-02-10 00:00:00,0.26256300719273123
AUDUSD,2026-02-17 00:00:00,0.2742249612626994
AUDUSD,2026-02-24 00:00:00,0.25996694773157697
AUDUSD,2026-03-03 00:00:00,0.2044111044597426
AUDUSD,2026-03-10 00:00:00,0.14741467182444967
AUDUSD,2026-03-17 00:00:00,0.17073115648819046
AUDUSD,2026-03-24 00:00:00,0.1907106878701095
AUDUSD,2026-03-31 00:00:00,0.1991536660579932
AUDUSD,2026-04-07 00:00:00,0.1734351502694043
AUDUSD,2026-04-14 00:00:00,0.16536196849021287
AUDUSD,2026-04-21 00:00:00,0.1754624838879509
AUDUSD,2026-04-28 00:00:00,0.17253127591304035
AUDUSD,2026-05-05 00:00:00,0.2024812901564043
AUDUSD,2026-05-12 00:00:00,0.19309302872315415
AUDUSD,2026-05-19 00:00:00,0.2030676903365431
AUDUSD,2026-05-26 00:00:00,0.19892206788594527
AUDUSD,2026-06-02 00:00:00,0.19254005520791379
AUDUSD,2026-06-09 00:00:00,0.13461201806624928
AUDUSD,2026-06-16 00:00:00,0.14054712480332945
AUDUSD,2026-06-23 00:00:00,0.18246411226551093
AUDUSD,2026-06-30 00:00:00,0.14722684247835172
AUDUSD,2026-07-07 00:00:00,0.1449103433461728
AUDUSD,2026-07-14 00:00:00,0.13058808291398227
AUDUSD,2026-07-21 00:00:00,0.11009402495192158
AUDUSD,2026-07-28 00:00:00,0.12019113602339589
AUDUSD,2026-08-04 00:00:00,0.16898146223002136
AUDUSD,2026-08-11 00:00:00,0.18165046291098788
AUDUSD,2026-08-18 00:00:00,0.18060070842835654
AUDUSD,2026-08-25 00:00:00,0.16190484747204303
AUDUSD,2026-09-01 00:00:00,0.12679292684296795
AUDUSD,2026-09-08 00:00:00,0.1092919809953718
AUDUSD,2026-09-15 00:00:00,0.12397062908985462
GBPUSD,2022-11-22 00:00:00,0.030906318455178865
GBPUSD,2022-11-29 00:00:00,0.017912896930991663
GBPUSD,2022-12-06 00:00:00,0.013790049107511148
GBPUSD,2022-12-13 00:00:00,-0.008045316818166684
GBPUSD,2022-12-20 00:00:00,0.05250151784668151
GBPUSD,2022-12-27 00:00:00,0.03699856733524355
GBPUSD,2023-01-03 00:00:00,0.031134249132324203
GBPUSD,2023-01-10 00:00:00,0.018938104610952432
GBPUSD,2023-01-17 00:00:00,0.051986571332369426
GBPUSD,2023-01-24 00:00:00,0.02670947328279679
GBPUSD,2023-01-31 00:00:00,0.06101584290689552
GBPUSD,2023-02-07 00:00:00,0.14089927351266443
GBPUSD,2023-02-14 00:00:00,0.14102651522531123
GBPUSD,2023-02-21 00:00:00,0.13220016674316867
GBPUSD,2023-02-28 00:00:00,0.11233401237362306
GBPUSD,2023-03-07 00:00:00,0.11942504875133673
GBPUSD,2023-03-14 00:00:00,0.0713425071233911
GBPUSD,2023-03-21 00:00:00,0.04595484182058324
GBPUSD,2023-03-28 00:00:00,0.031620869774050875
GBPUSD,2023-04-04 00:00:00,0.007339000400551871
GBPUSD,2023-04-11 00:00:00,0.00241464410631536
GBPUSD,2023-04-18 00:00:00,0.020277372002707808
GBPUSD,2023-04-25 00:00:00,0.043005879153609074
GBPUSD,2023-05-02 00:00:00,0.020172537370143608
GBPUSD,2023-05-09 00:00:00,-0.034789097025262186
GBPUSD,2023-05-16 00:00:00,-0.009378350494608865
GBPUSD,2023-05-23 00:00:00,0.0034762261482909258
GBPUSD,2023-05-30 00:00:00,0.04593405770263128
GBPUSD,2023-06-06 00:00:00,0.0693425079610271
GBPUSD,2023-06-13 00:00:00,0.0005786120199758912
GBPUSD,2023-06-20 00:00:00,0.16385510253636784
GBPUSD,2023-06-27 00:00:00,0.1426316476062095
GBPUSD,2023-07-03 00:00:00,0.14279186140683464
GBPUSD,2023-07-11 00:00:00,0.10492420282279143
GBPUSD,2023-07-18 00:00:00,0.09817282872903231
GBPUSD,2023-07-25 00:00:00,0.13978259037667481
GBPUSD,2023-08-01 00:00:00,0.15209636678044056
GBPUSD,2023-08-08 00:00:00,0.17478280197531817
GBPUSD,2023-08-15 00:00:00,0.19558372805795488
GBPUSD,2023-08-22 00:00:00,0.18519670960079587
GBPUSD,2023-08-29 00:00:00,0.17728417958498094
GBPUSD,2023-09-05 00:00:00,0.1892069351031925
GBPUSD,2023-09-12 00:00:00,0.17978605064259554
GBPUSD,2023-09-19 00:00:00,0.26020709826964633
GBPUSD,2023-09-26 00:00:00,0.23736081424489672
GBPUSD,2023-10-03 00:00:00,0.20564624862577527
GBPUSD,2023-10-10 00:00:00,0.15788950801261284
GBPUSD,2023-10-17 00:00:00,0.15440579515127048
GBPUSD,2023-10-24 00:00:00,0.11470511320034811
GBPUSD,2023-10-31 00:00:00,0.11406098499506502
GBPUSD,2023-11-07 00:00:00,0.10464438490104827
GBPUSD,2023-11-14 00:00:00,0.06348568233592562
GBPUSD,2023-11-21 00:00:00,0.030360831412317824
GBPUSD,2023-11-28 00:00:00,0.014500487643302725
GBPUSD,2023-12-05 00:00:00,0.06764196588889447
GBPUSD,2023-12-12 00:00:00,0.0822769485835758
GBPUSD,2023-12-19 00:00:00,0.18675490735850964
GBPUSD,2023-12-26 00:00:00,0.16411629686304513
GBPUSD,2024-01-02 00:00:00,0.17581144175057659
GBPUSD,2024-01-09 00:00:00,0.16594933702521564
GBPUSD,2024-01-16 00:00:00,0.1551085348079084
GBPUSD,2024-01-23 00:00:00,0.15545023696682464
GBPUSD,2024-01-30 00:00:00,0.143084550197941
GBPUSD,2024-02-06 00:00:00,0.15916003332563766
GBPUSD,2024-02-13 00:00:00,0.17791731551715476
GBPUSD,2024-02-20 00:00:00,0.14967256304102372
GBPUSD,2024-02-27 00:00:00,0.1260506194623105
GBPUSD,2024-03-05 00:00:00,0.14155759811659435
GBPUSD,2024-03-12 00:00:00,0.08198716609891178
GBPUSD,2024-03-19 00:00:00,0.16217996129646703
GBPUSD,2024-03-26 00:00:00,0.15890974796783994
GBPUSD,2024-04-02 00:00:00,0.21666149578420996
GBPUSD,2024-04-09 00:00:00,0.12623174275626403
GBPUSD,2024-04-16 00:00:00,0.08271728707174614
GBPUSD,2024-04-23 00:00:00,0.028424230194258323
GBPUSD,2024-04-30 00:00:00,-0.012070794957769195
GBPUSD,2024-05-07 00:00:00,-0.053917668618423994
GBPUSD,2024-05-14 00:00:00,-0.047007283575671244
GBPUSD,2024-05-21 00:00:00,-0.011519091331214058
GBPUSD,2024-05-28 00:00:00,0.012003765595406867
GBPUSD,2024-06-04 00:00:00,0.048366013071895426
GBPUSD,2024-06-11 00:00:00,0.0663334386014585
GBPUSD,2024-06-18 00:00:00,0.18796640666078157
GBPUSD,2024-06-25 00:00:00,0.18623282955459156
GBPUSD,2024-07-02 00:00:00,0.2537969604126813
GBPUSD,2024-07-09 00:00:00,0.24189598490491973
GBPUSD,2024-07-16 00:00:00,0.24823695848166402
GBPUSD,2024-07-23 00:00:00,0.28753876525112276
GBPUSD,2024-07-30 00:00:00,0.2668774250243899
GBPUSD,2024-08-06 00:00:00,0.2565947456280519
GBPUSD,2024-08-13 00:00:00,0.2214001138303927
GBPUSD,2024-08-20 00:00:00,0.18914526996365333
GBPUSD,2024-08-27 00:00:00,0.19912477435588863
GBPUSD,2024-09-03 00:00:00,0.228903422884387
GBPUSD,2024-09-10 00:00:00,0.20791962869396627
GBPUSD,2024-09-17 00:00:00,0.21476986758860744
GBPUSD,2024-09-24 00:00:00,0.24516275169785529
GBPUSD,2024-10-01 00:00:00,0.24616030344484516
GBPUSD,2024-10-08 00:00:00,0.2573581130718852
GBPUSD,2024-10-15 00:00:00,0.23497101738956627
GBPUSD,2024-10-22 00:00:00,0.24268891496110895
GBPUSD,2024-10-29 00:00:00,0.2560362922337328
GBPUSD,2024-11-05 00:00:00,0.19230226920225418
GBPUSD,2024-11-12 00:00:00,0.228576137888813
GBPUSD,2024-11-19 00:00:00,0.22956957120092714
GBPUSD,2024-11-26 00:00:00,0.23400624105880483
GBPUSD,2024-12-03 00:00:00,0.2145344634995729
GBPUSD,2024-12-10 00:00:00,0.13300826048600528
GBPUSD,2024-12-17 00:00:00,0.29145269457878004
GBPUSD,2024-12-24 00:00:00,0.27892863951197816
GBPUSD,2024-12-31 00:00:00,0.25999714102679494
GBPUSD,2025-01-07 00:00:00,0.2506383429570377
GBPUSD,2025-01-14 00:00:00,0.17365281387868103
GBPUSD,2025-01-21 00:00:00,0.15538253215978334
GBPUSD,2025-01-28 00:00:00,0.09635385188157876
GBPUSD,2025-02-04 00:00:00,0.11189675729559626
GBPUSD,2025-02-11 00:00:00,0.15192804773755875
GBPUSD,2025-02-18 00:00:00,0.17113635246103162
GBPUSD,2025-02-25 00:00:00,0.1599656803080791
GBPUSD,2025-03-04 00:00:00,0.16821675289332816
GBPUSD,2025-03-11 00:00:00,0.11242589260918388
GBPUSD,2025-03-18 00:00:00,0.17670771561758672
GBPUSD,2025-03-25 00:00:00,0.21288412861117503
GBPUSD,2025-04-01 00:00:00,0.257800812139346
GBPUSD,2025-04-08 00:00:00,0.25102029280425076
GBPUSD,2025-04-15 00:00:00,0.19241155667039536
GBPUSD,2025-04-22 00:00:00,0.16578207234552086
GBPUSD,2025-04-29 00:00:00,0.1432463912808353
GBPUSD,2025-05-06 00:00:00,0.15249183373790046
GBPUSD,2025-05-13 00:00:00,0.16620052242367636
GBPUSD,2025-05-20 00:00:00,0.16483212680339535
GBPUSD,2025-05-27 00:00:00,0.19081728163948963
GBPUSD,2025-06-03 00:00:00,0.1686593807389523
GBPUSD,2025-06-10 00:00:00,0.19411984668598672
GBPUSD,2025-06-17 00:00:00,0.2025013274886175
GBPUSD,2025-06-24 00:00:00,0.23170907958954517
GBPUSD,2025-07-01 00:00:00,0.1595535510814091
GBPUSD,2025-07-08 00:00:00,0.19132164316626382
GBPUSD,2025-07-15 00:00:00,0.25376051261513816
GBPUSD,2025-07-22 00:00:00,0.26355855464093686
GBPUSD,2025-07-29 00:00:00,0.22946521774686235
GBPUSD,2025-08-05 00:00:00,0.19379987782055136
GBPUSD,2025-08-12 00:00:00,0.12666024934978387
GBPUSD,2025-08-19 00:00:00,0.10214210006777934
GBPUSD,2025-08-26 00:00:00,0.10756414104208162
GBPUSD,2025-09-02 00:00:00,0.09573965385515618
GBPUSD,2025-09-09 00:00:00,0.05251193171435739
GBPUSD,2025-09-16 00:00:00,0.09215412887848515
GBPUSD,2025-09-23 00:00:00,0.11863650789566232
GBPUSD,2025-09-30 00:00:00,0.14181675249308826
GBPUSD,2025-10-07 00:00:00,0.14082811553221572
GBPUSD,2025-10-14 00:00:00,0.16459245537217917
GBPUSD,2025-10-21 00:00:00,0.1698488975689983
GBPUSD,2025-10-28 00:00:00,0.16279753988021828
GBPUSD,2025-11-04 00:00:00,0.09568613265317422
GBPUSD,2025-11-10 00:00:00,0.04605079747039749
GBPUSD,2025-11-18 00:00:00,0.03123422626825278
GBPUSD,2025-11-25 00:00:00,-0.004211693867849786
GBPUSD,2025-12-02 00:00:00,0.016229217261348777
GBPUSD,2025-12-09 00:00:00,0.01945819106210797
GBPUSD,2025-12-16 00:00:00,0.05158298201261564
GBPUSD,2025-12-23 00:00:00,0.09506288736801728
GBPUSD,2025-12-30 00:00:00,0.13107452436952496
GBPUSD,2026-01-06 00:00:00,0.14030555367061856
GBPUSD,2026-01-13 00:00:00,0.18324216927169776
GBPUSD,2026-01-20 00:00:00,0.1964144654451573
GBPUSD,2026-01-27 00:00:00,0.1654778823749549
GBPUSD,2026-02-03 00:00:00,0.15538773432563363
GBPUSD,2026-02-10 00:00:00,0.19105433836905797
GBPUSD,2026-02-17 00:00:00,0.17737863467939458
GBPUSD,2026-02-24 00:00:00,0.16328779825207104
GBPUSD,2026-03-03 00:00:00,0.12794405552918842
GBPUSD,2026-03-10 00:00:00,0.05120341525913737
GBPUSD,2026-03-17 00:00:00,0.04834164496331655
GBPUSD,2026-03-24 00:00:00,0.06579531277474022
GBPUSD,2026-03-31 00:00:00,0.12294371583128304
GBPUSD,2026-04-07 00:00:00,0.10865674820120316
GBPUSD,2026-04-14 00:00:00,0.08930506732572695
GBPUSD,2026-04-21 00:00:00,0.11056719906801304
GBPUSD,2026-04-28 00:00:00,0.10955298044645058
GBPUSD,2026-05-05 00:00:00,0.09433156009748572
GBPUSD,2026-05-12 00:00:00,0.13151038453266958
GBPUSD,2026-05-19 00:00:00,0.10981736198874835
GBPUSD,2026-05-26 00:00:00,0.10220693811710067
GBPUSD,2026-06-02 00:00:00,0.10087885906906585
GBPUSD,2026-06-09 00:00:00,0.07657591181002914
GBPUSD,2026-06-16 00:00:00,0.05207305568872462
GBPUSD,2026-06-23 00:00:00,0.02545874183281409
GBPUSD,2026-06-30 00:00:00,0.0551511207813951
GBPUSD,2026-07-07 00:00:00,0.0635369952185575
GBPUSD,2026-07-14 00:00:00,0.10763974007459844
GBPUSD,2026-07-21 00:00:00,0.12671905322917024
GBPUSD,2026-07-28 00:00:00,0.15367615714253663
GBPUSD,2026-08-04 00:00:00,0.15481573707198967
GBPUSD,2026-08-11 00:00:00,0.15859027401373382
GBPUSD,2026-08-18 00:00:00,0.14972535626861658
GBPUSD,2026-08-25 00:00:00,0.15043583656756723
GBPUSD,2026-09-01 00:00:00,0.13576193306726297
GBPUSD,2026-09-08 00:00:00,0.10868214231908803
GBPUSD,2026-09-15 00:00:00,0.06006497122112169
NZDUSD,2022-11-22 00:00:00,-0.07884665054356758
NZDUSD,2022-11-29 00:00:00,-0.152858380251191
NZDUSD,2022-12-06 00:00:00,-0.2093867858639475
NZDUSD,2022-12-13 00:00:00,-0.20381958259485658
NZDUSD,2022-12-20 00:00:00,-0.17387412202176009
NZDUSD,2022-12-27 00:00:00,-0.11221387696709585
NZDUSD,2023-01-03 00:00:00,-0.02085782420313707
NZDUSD,2023-01-10 00:00:00,0.12928970470869913
NZDUSD,2023-01-17 00:00:00,-0.006523322461129232
NZDUSD,2023-01-24 00:00:00,-0.08648731274839498
NZDUSD,2023-01-31 00:00:00,0.03486859224564143
NZDUSD,2023-02-07 00:00:00,0.10881884750079593
NZDUSD,2023-02-14 00:00:00,0.07565217391304348
NZDUSD,2023-02-21 00:00:00,0.06942585653104925
NZDUSD,2023-02-28 00:00:00,0.21281807728840674
NZDUSD,2023-03-07 00:00:00,0.1686655595875105
NZDUSD,2023-03-14 00:00:00,-0.01441736868886753
NZDUSD,2023-03-21 00:00:00,-0.14664843531495697
NZDUSD,2023-03-28 00:00:00,-0.027766486351271068
NZDUSD,2023-04-04 00:00:00,0.029739467849223947
NZDUSD,2023-04-11 00:00:00,-0.0075685639278333244
NZDUSD,2023-04-18 00:00:00,0.045989753423015846
NZDUSD,2023-04-25 00:00:00,0.08641368193863891
NZDUSD,2023-05-02 00:00:00,0.11603700848111026
NZDUSD,2023-05-09 00:00:00,0.07890243609167208
NZDUSD,2023-05-16 00:00:00,0.11658883024290491
NZDUSD,2023-05-23 00:00:00,0.11055856040603933
NZDUSD,2023-05-30 00:00:00,0.10939833447237199
NZDUSD,2023-06-06 00:00:00,0.09986799471978879
NZDUSD,2023-06-13 00:00:00,0.1366139022711631
NZDUSD,2023-06-20 00:00:00,0.021974630412641586
NZDUSD,2023-06-27 00:00:00,0.0042197776613701185
NZDUSD,2023-07-03 00:00:00,0.09398948821094048
NZDUSD,2023-07-11 00:00:00,0.053423755973331044
NZDUSD,2023-07-18 00:00:00,-0.022257753413532307
NZDUSD,2023-07-25 00:00:00,0.10540467137425312
NZDUSD,2023-08-01 00:00:00,0.21797678091490955
NZDUSD,2023-08-08 00:00:00,0.2509881422924901
NZDUSD,2023-08-15 00:00:00,0.23682691691071162
NZDUSD,2023-08-22 00:00:00,0.18501028705790143
NZDUSD,2023-08-29 00:00:00,0.10525107299927583
NZDUSD,2023-09-05 00:00:00,0.07700754489745315
NZDUSD,2023-09-12 00:00:00,0.05572925155955962
NZDUSD,2023-09-19 00:00:00,-0.04835703962881266
NZDUSD,2023-09-26 00:00:00,-0.01784975471363556
NZDUSD,2023-10-03 00:00:00,0.0455145244879616
NZDUSD,2023-10-10 00:00:00,0.07964310527662997
NZDUSD,2023-10-17 00:00:00,0.10028632123395216
NZDUSD,2023-10-24 00:00:00,0.05034676729032371
NZDUSD,2023-10-31 00:00:00,0.08207920105416465
NZDUSD,2023-11-07 00:00:00,-0.009254720495676555
NZDUSD,2023-11-14 00:00:00,-0.023844828277161063
NZDUSD,2023-11-21 00:00:00,-0.05409560213557139
NZDUSD,2023-11-28 00:00:00,-0.08863194714341235
NZDUSD,2023-12-05 00:00:00,-0.1553570123510926
NZDUSD,2023-12-12 00:00:00,-0.1251972285106675
NZDUSD,2023-12-19 00:00:00,0.07313086889337929
NZDUSD,2023-12-26 00:00:00,0.016728251840394146
NZDUSD,2024-01-02 00:00:00,0.04324875685324493
NZDUSD,2024-01-09 00:00:00,0.08401878616466436
NZDUSD,2024-01-16 00:00:00,0.023319294961784434
NZDUSD,2024-01-23 00:00:00,0.09196625992957169
NZDUSD,2024-01-30 00:00:00,0.10592498445063414
NZDUSD,2024-02-06 00:00:00,0.08919984734766569
NZDUSD,2024-02-13 00:00:00,0.14421306811389772
NZDUSD,2024-02-20 00:00:00,0.19545787545787546
NZDUSD,2024-02-27 00:00:00,0.05831252708251656
NZDUSD,2024-03-05 00:00:00,0.13091794186301697
NZDUSD,2024-03-12 00:00:00,0.061884616114283544
NZDUSD,2024-03-19 00:00:00,0.027494483211069363
NZDUSD,2024-03-26 00:00:00,0.11133368279167291
NZDUSD,2024-04-02 00:00:00,0.16043543057085466
NZDUSD,2024-04-09 00:00:00,0.1442232492001422
NZDUSD,2024-04-16 00:00:00,0.08210700478864724
NZDUSD,2024-04-23 00:00:00,0.11900290250981731
NZDUSD,2024-04-30 00:00:00,0.1542908639540222
NZDUSD,2024-05-07 00:00:00,0.15579878900791802
NZDUSD,2024-05-14 00:00:00,0.12517972681524084
NZDUSD,2024-05-21 00:00:00,0.10701557886162305
NZDUSD,2024-05-28 00:00:00,0.040608431116905694
NZDUSD,2024-06-04 00:00:00,0.08544870155958946
NZDUSD,2024-06-11 00:00:00,0.10129968837880976
NZDUSD,2024-06-18 00:00:00,0.16796153056335136
NZDUSD,2024-06-25 00:00:00,0.2076700553764774
NZDUSD,2024-07-02 00:00:00,0.2494919268374646
NZDUSD,2024-07-09 00:00:00,0.21291146472199352
NZDUSD,2024-07-16 00:00:00,0.20632290453300084
NZDUSD,2024-07-23 00:00:00,0.2850493009797292
NZDUSD,2024-07-30 00:00:00,0.18468875699330478
NZDUSD,2024-08-06 00:00:00,0.05941381961397877
NZDUSD,2024-08-13 00:00:00,0.030242056579974773
NZDUSD,2024-08-20 00:00:00,0.025925261047781468
NZDUSD,2024-08-27 00:00:00,0.01809301468329545
NZDUSD,2024-09-03 00:00:00,0.068369883270931
NZDUSD,2024-09-10 00:00:00,0.025219711236660388
NZDUSD,2024-09-17 00:00:00,0.08403480659621508
NZDUSD,2024-09-24 00:00:00,0.16358030289289924
NZDUSD,2024-10-01 00:00:00,0.1427334792408454
NZDUSD,2024-10-08 00:00:00,0.15179620246506653
NZDUSD,2024-10-15 00:00:00,0.09999271322913252
NZDUSD,2024-10-22 00:00:00,0.16824026616311483
NZDUSD,2024-10-29 00:00:00,0.20987590486039298
NZDUSD,2024-11-05 00:00:00,0.1348494983277592
NZDUSD,2024-11-12 00:00:00,0.07834496075744363
NZDUSD,2024-11-19 00:00:00,0.029445679927518325
NZDUSD,2024-11-26 00:00:00,-0.01494917785850812
NZDUSD,2024-12-03 00:00:00,-0.02744951383694839
NZDUSD,2024-12-10 00:00:00,-0.06672035557005382
NZDUSD,2024-12-17 00:00:00,-0.1582631669917776
NZDUSD,2024-12-24 00:00:00,-0.14997345915659097
NZDUSD,2024-12-31 00:00:00,-0.13366241134751772
NZDUSD,2025-01-07 00:00:00,-0.1470470111910732
NZDUSD,2025-01-14 00:00:00,-0.15324867196071829
NZDUSD,2025-01-21 00:00:00,-0.15166666666666667
NZDUSD,2025-01-28 00:00:00,-0.21359072991222952
NZDUSD,2025-02-04 00:00:00,-0.19555227505416795
NZDUSD,2025-02-11 00:00:00,-0.13058151013567804
NZDUSD,2025-02-18 00:00:00,-0.15509254078732404
NZDUSD,2025-02-25 00:00:00,-0.1631385487478134
NZDUSD,2025-03-04 00:00:00,-0.08969859101103256
NZDUSD,2025-03-11 00:00:00,-0.08424936451665009
NZDUSD,2025-03-18 00:00:00,-0.05851460203683333
NZDUSD,2025-03-25 00:00:00,-0.1013370608970463
NZDUSD,2025-04-01 00:00:00,-0.12269398633201707
NZDUSD,2025-04-08 00:00:00,-0.137819134920745
NZDUSD,2025-04-15 00:00:00,-0.14182483283859554
NZDUSD,2025-04-22 00:00:00,-0.10048014803235017
NZDUSD,2025-04-29 00:00:00,-0.11394371779627428
NZDUSD,2025-05-06 00:00:00,-0.0900361929630303
NZDUSD,2025-05-13 00:00:00,-0.05813321921753872
NZDUSD,2025-05-20 00:00:00,-0.12884892557651992
NZDUSD,2025-05-27 00:00:00,-0.11810266275184772
NZDUSD,2025-06-03 00:00:00,-0.12122193595877806
NZDUSD,2025-06-10 00:00:00,-0.0907857532301216
NZDUSD,2025-06-17 00:00:00,-0.25630840633035773
NZDUSD,2025-06-24 00:00:00,-0.2709591333649954
NZDUSD,2025-07-01 00:00:00,-0.1991348131338203
NZDUSD,2025-07-08 00:00:00,-0.2010827892278737
NZDUSD,2025-07-15 00:00:00,-0.16072833003646417
NZDUSD,2025-07-22 00:00:00,-0.16616780045351473
NZDUSD,2025-07-29 00:00:00,-0.13415759761306803
NZDUSD,2025-08-05 00:00:00,-0.14094406321480557
NZDUSD,2025-08-12 00:00:00,-0.08685737976782752
NZDUSD,2025-08-19 00:00:00,-0.0843036109064112
NZDUSD,2025-08-26 00:00:00,-0.004237766979319697
NZDUSD,2025-09-02 00:00:00,0.005178522758244753
NZDUSD,2025-09-09 00:00:00,-0.02617245328342784
NZDUSD,2025-09-16 00:00:00,-0.10839132381068653
NZDUSD,2025-09-23 00:00:00,-0.05058034288148227
NZDUSD,2025-09-30 00:00:00,0.09999854335697951
NZDUSD,2025-10-07 00:00:00,0.0769507222337411
NZDUSD,2025-10-14 00:00:00,0.06925305118229526
NZDUSD,2025-10-21 00:00:00,0.07277005776994624
NZDUSD,2025-10-28 00:00:00,0.05730899839861895
NZDUSD,2025-11-04 00:00:00,0.024419011008212477
NZDUSD,2025-11-10 00:00:00,0.048686371898175596
NZDUSD,2025-11-18 00:00:00,0.020453711039400205
NZDUSD,2025-11-25 00:00:00,0.004086583317783168
NZDUSD,2025-12-02 00:00:00,-0.01857056527035712
NZDUSD,2025-12-09 00:00:00,-0.06863464765100671
NZDUSD,2025-12-16 00:00:00,-0.11547117548617923
NZDUSD,2025-12-23 00:00:00,-0.12590221399968354
NZDUSD,2025-12-30 00:00:00,-0.18247807238632927
NZDUSD,2026-01-06 00:00:00,-0.12541984010596527
NZDUSD,2026-01-13 00:00:00,-0.11891657180410979
NZDUSD,2026-01-20 00:00:00,-0.055244385448030994
NZDUSD,2026-01-27 00:00:00,-0.13626800074808304
NZDUSD,2026-02-03 00:00:00,-0.14861718837652865
NZDUSD,2026-02-10 00:00:00,-0.1501085625208774
NZDUSD,2026-02-17 00:00:00,-0.17074406881814694
NZDUSD,2026-02-24 00:00:00,-0.14351845377117045
NZDUSD,2026-03-03 00:00:00,-0.129558782814427
NZDUSD,2026-03-10 00:00:00,-0.04946862197945734
NZDUSD,2026-03-17 00:00:00,-0.24837713001685288
NZDUSD,2026-03-24 00:00:00,-0.25734106535817014
NZDUSD,2026-03-31 00:00:00,-0.251366428924511
NZDUSD,2026-04-07 00:00:00,-0.2056476764736459
NZDUSD,2026-04-14 00:00:00,-0.211713553086328
NZDUSD,2026-04-21 00:00:00,-0.21891210549280068
NZDUSD,2026-04-28 00:00:00,-0.20152282440828934
NZDUSD,2026-05-05 00:00:00,-0.2260838996953363
NZDUSD,2026-05-12 00:00:00,-0.22539343825020006
NZDUSD,2026-05-19 00:00:00,-0.16571397698416987
NZDUSD,2026-05-26 00:00:00,-0.14953945785109501
NZDUSD,2026-06-02 00:00:00,-0.20289356595047128
NZDUSD,2026-06-09 00:00:00,-0.14917049301203203
NZDUSD,2026-06-16 00:00:00,-0.16414023718105214
NZDUSD,2026-06-23 00:00:00,-0.2209357483760419
NZDUSD,2026-06-30 00:00:00,-0.22917403087074348
NZDUSD,2026-07-07 00:00:00,-0.23958250759677632
NZDUSD,2026-07-14 00:00:00,-0.24538455030036382
NZDUSD,2026-07-21 00:00:00,-0.28571691176470587
NZDUSD,2026-07-28 00:00:00,-0.28562324024046876
NZDUSD,2026-08-04 00:00:00,-0.2972288731012286
NZDUSD,2026-08-11 00:00:00,-0.3455287071458075
NZDUSD,2026-08-18 00:00:00,-0.300674122014963
NZDUSD,2026-08-25 00:00:00,-0.359628613821321
NZDUSD,2026-09-01 00:00:00,-0.20823312265786678
NZDUSD,2026-09-08 00:00:00,-0.13772245947705156
NZDUSD,2026-09-15 00:00:00,-0.013069670371960154
