instrument,date,close
AUDUSD,2026-09-23,0.7036307454109192
AUDUSD,2026-09-24,0.7036802172660828
AUDUSD,2026-09-25,0.7010164856910706
AUDUSD,2026-09-29,0.7018036246299744
AUDUSD,2026-09-30,0.6996431946754456
AUDUSD,2026-10-01,0.6947339177131653
AUDUSD,2026-10-02,0.6918021440505981
USDJPY,2026-09-23,158.27499389648438
USDJPY,2026-09-24,158.18499755859375
USDJPY,2026-09-25,158.718994140625
USDJPY,2026-09-29,157.5260009765625
USDJPY,2026-09-30,156.97000122070312
USDJPY,2026-10-01,157.89700317382812
USDJPY,2026-10-02,158.156005859375
USDJPY,2026-10-03,157.8300018310547
GBPUSD,2026-09-23,1.32397723197937
GBPUSD,2026-09-24,1.323276400566101
GBPUSD,2026-09-25,1.3211784362792969
GBPUSD,2026-09-29,1.3248542547225952
GBPUSD,2026-09-30,1.323031306266785
GBPUSD,2026-10-01,1.327087163925171
GBPUSD,2026-10-02,1.3186001777648926
NZDUSD,2026-09-23,0.5671184659004211
NZDUSD,2026-09-24,0.5676657557487488
NZDUSD,2026-09-25,0.5661231875419617
NZDUSD,2026-09-29,0.5666364431381226
NZDUSD,2026-09-30,0.5641430616378784
NZDUSD,2026-10-01,0.5636343359947205
NZDUSD,2026-10-02,0.559158980846405
