instrument,datetime,open,high,low,close
XAUUSD,2026-09-23 16:38:11+00:00,4324.7001953125,4324.7001953125,4324.7001953125,4324.7001953125
XAUUSD,2026-09-23 18:48:11+00:00,4321.0,4321.0,4321.0,4321.0
XAUUSD,2026-09-23 22:02:02+00:00,4325.2001953125,4325.2001953125,4325.2001953125,4325.2001953125
XAUUSD,2026-09-24 01:07:48+00:00,4331.2998046875,4331.2998046875,4331.2998046875,4331.2998046875
XAUUSD,2026-09-24 07:22:26+00:00,4318.10009765625,4318.10009765625,4318.10009765625,4318.10009765625
XAUUSD,2026-09-24 13:20:16+00:00,4314.0,4314.0,4314.0,4314.0
XAUUSD,2026-09-24 18:13:21+00:00,4304.0,4304.0,4304.0,4304.0
XAUUSD,2026-09-24 22:03:11+00:00,4310.7998046875,4310.7998046875,4310.7998046875,4310.7998046875
XAUUSD,2026-09-25 01:13:24+00:00,4320.89990234375,4320.89990234375,4320.89990234375,4320.89990234375
XAUUSD,2026-09-25 07:28:00+00:00,4309.5,4309.5,4309.5,4309.5
XAUUSD,2026-09-25 13:27:18+00:00,4315.39990234375,4315.39990234375,4315.39990234375,4315.39990234375
XAUUSD,2026-09-25 18:18:45+00:00,4322.0,4322.0,4322.0,4322.0
XAUUSD,2026-09-25 20:00:00+00:00,4326.5,4327.60009765625,4320.0,4320.5
XAUUSD,2026-09-25 20:59:59+00:00,4320.5,4320.5,4320.5,4320.5
XAUUSD,2026-09-28 00:22:03+00:00,4289.2001953125,4289.2001953125,4289.2001953125,4289.2001953125
XAUUSD,2026-09-28 06:29:15+00:00,4202.2998046875,4202.2998046875,4202.2998046875,4202.2998046875
XAUUSD,2026-09-28 15:07:29+00:00,4154.89990234375,4154.89990234375,4154.89990234375,4154.89990234375
XAUUSD,2026-09-28 20:59:59+00:00,4148.5,4148.5,4148.5,4148.5
XAUUSD,2026-09-29 01:36:10+00:00,4157.60009765625,4157.60009765625,4157.60009765625,4157.60009765625
XAUUSD,2026-09-29 08:09:30+00:00,4170.2998046875,4170.2998046875,4170.2998046875,4170.2998046875
XAUUSD,2026-09-29 15:30:06+00:00,4184.39990234375,4184.39990234375,4184.39990234375,4184.39990234375
XAUUSD,2026-09-29 20:30:06+00:00,4208.60009765625,4208.60009765625,4208.60009765625,4208.60009765625
XAUUSD,2026-09-30 00:08:01+00:00,4217.0,4217.0,4217.0,4217.0
XAUUSD,2026-09-30 06:25:28+00:00,4212.89990234375,4212.89990234375,4212.89990234375,4212.89990234375
XAUUSD,2026-09-30 13:24:41+00:00,4225.0,4225.0,4225.0,4225.0
XAUUSD,2026-09-30 18:55:39+00:00,4182.60009765625,4182.60009765625,4182.60009765625,4182.60009765625
XAUUSD,2026-09-30 23:30:01+00:00,4184.7001953125,4184.7001953125,4184.7001953125,4184.7001953125
XAUUSD,2026-10-01 05:27:24+00:00,4216.7001953125,4216.7001953125,4216.7001953125,4216.7001953125
XAUUSD,2026-10-01 12:50:47+00:00,4214.5,4214.5,4214.5,4214.5
XAUUSD,2026-10-01 18:37:58+00:00,4209.60009765625,4209.60009765625,4209.60009765625,4209.60009765625
XAUUSD,2026-10-01 22:54:05+00:00,4206.10009765625,4206.10009765625,4206.10009765625,4206.10009765625
XAUUSD,2026-10-02 02:00:05+00:00,4179.0,4179.0,4179.0,4179.0
XAUUSD,2026-10-02 09:27:33+00:00,4215.89990234375,4215.89990234375,4215.89990234375,4215.89990234375
NAS100_USD,2026-09-23 16:48:12+00:00,30412.236328125,30412.236328125,30412.236328125,30412.236328125
NAS100_USD,2026-09-23 18:58:14+00:00,30469.59375,30469.59375,30469.59375,30469.59375
NAS100_USD,2026-09-23 20:00:00+00:00,30470.29296875,30470.29296875,30470.29296875,30470.29296875
NAS100_USD,2026-09-24 18:23:18+00:00,30416.59765625,30416.59765625,30416.59765625,30416.59765625
NAS100_USD,2026-09-24 20:00:00+00:00,30478.85546875,30478.85546875,30478.85546875,30478.85546875
NAS100_USD,2026-09-25 13:37:15+00:00,30588.03515625,30588.03515625,30588.03515625,30588.03515625
NAS100_USD,2026-09-25 18:28:51+00:00,30601.046875,30601.046875,30601.046875,30601.046875
NAS100_USD,2026-09-25 20:00:00+00:00,30608.134765625,30608.134765625,30608.134765625,30608.134765625
NAS100_USD,2026-09-28 15:17:28+00:00,30174.314453125,30174.314453125,30174.314453125,30174.314453125
NAS100_USD,2026-09-28 20:00:00+00:00,30276.810546875,30276.810546875,30276.810546875,30276.810546875
NAS100_USD,2026-09-29 15:40:05+00:00,30326.23828125,30326.23828125,30326.23828125,30326.23828125
NAS100_USD,2026-09-29 20:00:00+00:00,30339.33203125,30339.33203125,30339.33203125,30339.33203125
NAS100_USD,2026-09-30 13:34:37+00:00,30496.939453125,30496.939453125,30496.939453125,30496.939453125
NAS100_USD,2026-09-30 19:05:40+00:00,30570.234375,30570.234375,30570.234375,30570.234375
NAS100_USD,2026-09-30 20:00:00+00:00,30408.501953125,30408.501953125,30408.501953125,30408.501953125
NAS100_USD,2026-10-01 18:47:59+00:00,30553.1484375,30553.1484375,30553.1484375,30553.1484375
NAS100_USD,2026-10-01 20:00:00+00:00,30501.560546875,30501.560546875,30501.560546875,30501.560546875
SPX500,2026-09-23 16:48:14+00:00,7707.16015625,7707.16015625,7707.16015625,7707.16015625
SPX500,2026-09-23 18:58:15+00:00,7712.43994140625,7712.43994140625,7712.43994140625,7712.43994140625
SPX500,2026-09-23 20:00:00+00:00,7706.02978515625,7706.02978515625,7706.02978515625,7706.02978515625
SPX500,2026-09-24 13:30:16+00:00,7667.7099609375,7667.7099609375,7667.7099609375,7667.7099609375
SPX500,2026-09-24 18:23:22+00:00,7700.580078125,7700.580078125,7700.580078125,7700.580078125
SPX500,2026-09-24 20:00:00+00:00,7704.1298828125,7704.1298828125,7704.1298828125,7704.1298828125
SPX500,2026-09-25 13:37:19+00:00,7724.56982421875,7724.56982421875,7724.56982421875,7724.56982421875
SPX500,2026-09-25 18:28:51+00:00,7735.93994140625,7735.93994140625,7735.93994140625,7735.93994140625
SPX500,2026-09-25 20:00:00+00:00,7743.41015625,7743.41015625,7743.41015625,7743.41015625
SPX500,2026-09-28 15:17:28+00:00,7677.41015625,7677.41015625,7677.41015625,7677.41015625
SPX500,2026-09-28 20:00:00+00:00,7683.68994140625,7683.68994140625,7683.68994140625,7683.68994140625
SPX500,2026-09-29 15:40:07+00:00,7667.93994140625,7667.93994140625,7667.93994140625,7667.93994140625
SPX500,2026-09-29 20:00:00+00:00,7670.83984375,7670.83984375,7670.83984375,7670.83984375
SPX500,2026-09-30 13:34:42+00:00,7698.39990234375,7698.39990234375,7698.39990234375,7698.39990234375
SPX500,2026-09-30 19:05:42+00:00,7696.02001953125,7696.02001953125,7696.02001953125,7696.02001953125
SPX500,2026-09-30 20:00:00+00:00,7651.5400390625,7651.5400390625,7651.5400390625,7651.5400390625
SPX500,2026-10-01 18:48:00+00:00,7672.33984375,7672.33984375,7672.33984375,7672.33984375
SPX500,2026-10-01 20:00:00+00:00,7666.4501953125,7666.4501953125,7666.4501953125,7666.4501953125
